Andrea B,Alex,I want her as my little because I could be a great mentor for her and teach her how to program!,Becky,I want her as my little because I could be a great mentor for her and teach her how to program!,Bella,I want her as my little because I could be a great mentor for her and teach her how to program!,Giana,I want her as my little because I could be a great mentor for her and teach her how to program!,Hannah,I want her as my little because I could be a great mentor for her and teach her how to program!,Penny,I want her as my little because I could be a great mentor for her and teach her how to program!
Alexis C,Hannah,I want her as my little because I could be a great mentor for her and teach her how to program!,Sarah,I want her as my little because I could be a great mentor for her and teach her how to program!,Allison,I want her as my little because I could be a great mentor for her and teach her how to program!,Becky,I want her as my little because I could be a great mentor for her and teach her how to program!,Sarah,I want her as my little because I could be a great mentor for her and teach her how to program!
Brynn D,Tess,I want her as my little because I could be a great mentor for her and teach her how to program!,Becky,I want her as my little because I could be a great mentor for her and teach her how to program!,Bella,I want her as my little because I could be a great mentor for her and teach her how to program!,Emily,I want her as my little because I could be a great mentor for her and teach her how to program!,Kelly,I want her as my little because I could be a great mentor for her and teach her how to program!,Lily,I want her as my little because I could be a great mentor for her and teach her how to program!
Caroline F,Rachel,I want her as my little because I could be a great mentor for her and teach her how to program!,Bella,I want her as my little because I could be a great mentor for her and teach her how to program!,Emily,I want her as my little because I could be a great mentor for her and teach her how to program!,Heather,I want her as my little because I could be a great mentor for her and teach her how to program!,Penny,I want her as my little because I could be a great mentor for her and teach her how to program!,Rachel,I want her as my little because I could be a great mentor for her and teach her how to program!
Caroline G,Rose,I want her as my little because I could be a great mentor for her and teach her how to program!,Hannah,I want her as my little because I could be a great mentor for her and teach her how to program!,Morgan,I want her as my little because I could be a great mentor for her and teach her how to program!,Bella,I want her as my little because I could be a great mentor for her and teach her how to program!,Rose,I want her as my little because I could be a great mentor for her and teach her how to program!
Emma G,Diane,I want her as my little because I could be a great mentor for her and teach her how to program!,Cassidy,I want her as my little because I could be a great mentor for her and teach her how to program!,Diane,I want her as my little because I could be a great mentor for her and teach her how to program!,Lily,I want her as my little because I could be a great mentor for her and teach her how to program!,Becky,I want her as my little because I could be a great mentor for her and teach her how to program!,Olivia,I want her as my little because I could be a great mentor for her and teach her how to program!
Gertrude J,Emily,I want her as my little because I could be a great mentor for her and teach her how to program!,Tess,I want her as my little because I could be a great mentor for her and teach her how to program!,Giana,I want her as my little because I could be a great mentor for her and teach her how to program!,Becky,I want her as my little because I could be a great mentor for her and teach her how to program!,Alex,I want her as my little because I could be a great mentor for her and teach her how to program!
Jillian M,Morgan,I want her as my little because I could be a great mentor for her and teach her how to program!,Cassidy,I want her as my little because I could be a great mentor for her and teach her how to program!,Emily,I want her as my little because I could be a great mentor for her and teach her how to program!,Rose,I want her as my little because I could be a great mentor for her and teach her how to program!,,,,
Hillary N,Mary,I want her as my little because I could be a great mentor for her and teach her how to program!,Diane,I want her as my little because I could be a great mentor for her and teach her how to program!,Miranda,I want her as my little because I could be a great mentor for her and teach her how to program!,Rachel,I want her as my little because I could be a great mentor for her and teach her how to program!,Tess,I want her as my little because I could be a great mentor for her and teach her how to program!
Kristy P,Hannah,I want her as my little because I could be a great mentor for her and teach her how to program!,Olivia,I want her as my little because I could be a great mentor for her and teach her how to program!,Mary,I want her as my little because I could be a great mentor for her and teach her how to program!,Erin,I want her as my little because I could be a great mentor for her and teach her how to program!,Vanessa,I want her as my little because I could be a great mentor for her and teach her how to program!
Lucy P,Penny,I want her as my little because I could be a great mentor for her and teach her how to program!,Giana,I want her as my little because I could be a great mentor for her and teach her how to program!,Heather,I want her as my little because I could be a great mentor for her and teach her how to program!,Hannah,I want her as my little because I could be a great mentor for her and teach her how to program!,Erin,I want her as my little because I could be a great mentor for her and teach her how to program!
Melissa R,Vanessa,I want her as my little because I could be a great mentor for her and teach her how to program!,Emily,I want her as my little because I could be a great mentor for her and teach her how to program!,Kelly,I want her as my little because I could be a great mentor for her and teach her how to program!,Lily,I want her as my little because I could be a great mentor for her and teach her how to program!,Bella,I want her as my little because I could be a great mentor for her and teach her how to program!,Olivia,I want her as my little because I could be a great mentor for her and teach her how to program!
Mandy Q,Olivia,I want her as my little because I could be a great mentor for her and teach her how to program!,Heather,I want her as my little because I could be a great mentor for her and teach her how to program!,Cassidy,I want her as my little because I could be a great mentor for her and teach her how to program!,Erin,I want her as my little because I could be a great mentor for her and teach her how to program!,Mary,I want her as my little because I could be a great mentor for her and teach her how to program!,Vanessa,I want her as my little because I could be a great mentor for her and teach her how to program!
Olive S,Penny,I want her as my little because I could be a great mentor for her and teach her how to program!,Morgan,I want her as my little because I could be a great mentor for her and teach her how to program!,Sarah,I want her as my little because I could be a great mentor for her and teach her how to program!,Erin,I want her as my little because I could be a great mentor for her and teach her how to program!,Kelly,I want her as my little because I could be a great mentor for her and teach her how to program!
Petunia T,Sarah,I want her as my little because I could be a great mentor for her and teach her how to program!,Cassidy,I want her as my little because I could be a great mentor for her and teach her how to program!,Mary,I want her as my little because I could be a great mentor for her and teach her how to program!,Kelly,I want her as my little because I could be a great mentor for her and teach her how to program!,Alex,I want her as my little because I could be a great mentor for her and teach her how to program!
Tracy S,Tess,I want her as my little because I could be a great mentor for her and teach her how to program!,Hannah,I want her as my little because I could be a great mentor for her and teach her how to program!,Becky,I want her as my little because I could be a great mentor for her and teach her how to program!,Lily,I want her as my little because I could be a great mentor for her and teach her how to program!,Miranda,I want her as my little because I could be a great mentor for her and teach her how to program!
Tanya Z,Becky,I want her as my little because I could be a great mentor for her and teach her how to program!,Giana,I want her as my little because I could be a great mentor for her and teach her how to program!,Mary,I want her as my little because I could be a great mentor for her and teach her how to program!,Morgan,I want her as my little because I could be a great mentor for her and teach her how to program!,Miranda,I want her as my little because I could be a great mentor for her and teach her how to program!,Olivia,I want her as my little because I could be a great mentor for her and teach her how to program!
Zoe C,Giana,I want her as my little because I could be a great mentor for her and teach her how to program!,Lily,I want her as my little because I could be a great mentor for her and teach her how to program!,Diane,I want her as my little because I could be a great mentor for her and teach her how to program!,Morgan,I want her as my little because I could be a great mentor for her and teach her how to program!,Rachel,I want her as my little because I could be a great mentor for her and teach her how to program!,Rose,I want her as my little because I could be a great mentor for her and teach her how to program!
Victoria G,Erin,I want her as my little because I could be a great mentor for her and teach her how to program!,Miranda,I want her as my little because I could be a great mentor for her and teach her how to program!,Diane,I want her as my little because I could be a great mentor for her and teach her how to program!,Penny,I want her as my little because I could be a great mentor for her and teach her how to program!,Rose,I want her as my little because I could be a great mentor for her and teach her how to program!
Lauren P,Tess,I want her as my little because I could be a great mentor for her and teach her how to program!,Giana,I want her as my little because I could be a great mentor for her and teach her how to program!,Heather,I want her as my little because I could be a great mentor for her and teach her how to program!,Alex,I want her as my little because I could be a great mentor for her and teach her how to program!,Diane,I want her as my little because I could be a great mentor for her and teach her how to program!
Liv M,Rachel,I want her as my little because I could be a great mentor for her and teach her how to program!,Sarah,I want her as my little because I could be a great mentor for her and teach her how to program!,Kelly,I want her as my little because I could be a great mentor for her and teach her how to program!,Cassidy,I want her as my little because I could be a great mentor for her and teach her how to program!,Penny,I want her as my little because I could be a great mentor for her and teach her how to program!
